,City,Lat,Lng,Max Temp,Humidity,Cloudiness,Wind Speed,Country,Date
0,komsomolskiy,40.4272,71.7189,16.38,25.0,70.0,0.0,UZ,1635223815.0
1,butaritari,3.0707,172.7902,28.18,75.0,9.0,3.61,KI,1635223816.0
2,goderich,43.7501,-81.7165,6.21,81.0,100.0,7.2,CA,1635223818.0
3,mar del plata,-38.0023,-57.5575,13.2,80.0,0.0,1.34,AR,1635223805.0
4,sisophon,13.5859,102.9737,28.57,63.0,83.0,3.37,KH,1635223820.0
5,port alfred,-33.5906,26.891,18.53,84.0,54.0,8.76,ZA,1635223822.0
6,kapaa,22.0752,-159.319,23.37,88.0,40.0,5.14,US,1635223823.0
7,brindisi,40.5833,17.6667,13.86,76.0,73.0,1.2,IT,1635223825.0
8,port blair,11.6667,92.75,28.96,74.0,62.0,4.3,IN,1635223826.0
9,methoni,36.8197,21.7049,12.92,69.0,94.0,3.21,GR,1635223828.0
10,ushuaia,-54.8,-68.3,0.81,80.0,40.0,4.12,AR,1635223829.0
11,jamestown,42.097,-79.2353,11.6,98.0,90.0,0.45,US,1635223565.0
12,avarua,-21.2078,-159.775,24.03,69.0,75.0,3.6,CK,1635223737.0
13,chatham,51.3789,0.5279,9.95,95.0,64.0,0.45,GB,1635223833.0
14,marienburg,54.0359,19.0266,5.43,78.0,100.0,3.76,PL,1635223835.0
16,hithadhoo,-0.6,73.0833,28.44,68.0,100.0,7.48,MV,1635223838.0
17,mataura,-46.1927,168.8643,13.44,99.0,95.0,1.9,NZ,1635223839.0
18,lasa,46.6166,10.7002,5.45,63.0,6.0,2.23,IT,1635223841.0
19,paamiut,61.994,-49.6678,2.54,51.0,19.0,2.75,GL,1635223842.0
20,souillac,-20.5167,57.5167,24.21,78.0,75.0,8.75,MU,1635223844.0
21,upernavik,72.7868,-56.1549,-9.56,53.0,11.0,3.35,GL,1635223845.0
22,tongliao,43.6125,122.2653,14.57,32.0,100.0,7.69,CN,1635223847.0
23,khatanga,71.9667,102.5,-14.87,95.0,100.0,1.64,RU,1635223839.0
24,vestmanna,62.1564,-7.1664,5.51,100.0,90.0,3.6,FO,1635223849.0
26,leningradskiy,69.3833,178.4167,-12.29,94.0,100.0,8.47,RU,1635223852.0
27,labuhan,-6.8844,112.2051,32.37,56.0,34.0,4.44,ID,1635223854.0
28,yarada,17.65,83.2667,30.18,54.0,20.0,2.06,IN,1635223855.0
29,yellowknife,62.456,-114.3525,5.49,90.0,90.0,5.14,CA,1635223857.0
30,geraldton,-28.7667,114.6,19.23,48.0,40.0,6.69,AU,1635223834.0
31,provideniya,64.3833,-173.3,-6.94,58.0,75.0,5.0,RU,1635223859.0
33,hermanus,-34.4187,19.2345,17.11,81.0,100.0,6.88,ZA,1635223862.0
34,nikolskoye,59.7035,30.7861,4.75,89.0,100.0,4.15,RU,1635223762.0
35,qaanaaq,77.484,-69.3632,-13.78,74.0,100.0,5.9,GL,1635223791.0
37,katsuura,35.1333,140.3,20.07,72.0,73.0,7.79,JP,1635223867.0
38,aykhal,66.0,111.5,-9.69,90.0,32.0,3.85,RU,1635223869.0
39,bambous virieux,-20.3428,57.7575,24.14,78.0,75.0,8.75,MU,1635223870.0
40,laem sing,12.4816,102.0738,33.22,83.0,64.0,1.27,TH,1635223872.0
41,athabasca,54.7169,-113.2854,2.75,89.0,27.0,2.24,CA,1635223767.0
42,port elizabeth,-33.918,25.5701,17.16,88.0,75.0,7.2,ZA,1635223823.0
44,ezequiel montes,20.6667,-99.8833,15.22,90.0,100.0,0.56,MX,1635223877.0
45,barrow,71.2906,-156.7887,-3.99,80.0,90.0,5.14,US,1635223879.0
46,albany,42.6001,-73.9662,9.67,91.0,100.0,1.51,US,1635223881.0
47,moyale,3.5167,39.0584,21.79,69.0,75.0,3.88,KE,1635223882.0
48,rikitea,-23.1203,-134.9692,24.29,72.0,73.0,6.85,PF,1635223884.0
49,punta arenas,-53.15,-70.9167,4.06,75.0,75.0,4.63,CL,1635223885.0
50,saint-philippe,-21.3585,55.7679,25.73,74.0,40.0,6.19,RE,1635223887.0
51,saldanha,-33.0117,17.9442,17.03,69.0,100.0,3.16,ZA,1635223888.0
52,cap malheureux,-19.9842,57.6142,25.82,67.0,22.0,3.58,MU,1635223890.0
53,bluff,-46.6,168.3333,11.43,91.0,100.0,4.11,NZ,1635223891.0
54,shenjiamen,29.9576,122.298,19.56,64.0,54.0,4.07,CN,1635223893.0
55,kamenka,51.3223,42.7678,-1.81,72.0,2.0,2.44,RU,1635223894.0
56,cockburn town,21.4612,-71.1419,28.22,78.0,66.0,7.52,TC,1635223690.0
57,cidreira,-30.1811,-50.2056,17.35,73.0,0.0,2.26,BR,1635223806.0
58,vaini,-21.2,-175.2,26.09,78.0,20.0,4.63,TO,1635223898.0
59,maraba,-5.3686,-49.1178,26.1,94.0,40.0,1.03,BR,1635223859.0
60,nortelandia,-14.4547,-56.8028,23.01,81.0,90.0,0.9,BR,1635223901.0
61,ntungamo,-0.8833,29.65,19.28,80.0,68.0,0.67,UG,1635223903.0
62,dharchula,29.85,80.5333,21.3,35.0,0.0,2.33,IN,1635223904.0
63,pacific grove,36.6177,-121.9166,10.78,90.0,0.0,0.45,US,1635223906.0
64,narsaq,60.9167,-46.05,0.13,48.0,21.0,4.16,GL,1635223907.0
65,saskylakh,71.9167,114.0833,-16.32,95.0,100.0,1.05,RU,1635223909.0
66,mahibadhoo,3.7833,72.9667,27.96,76.0,100.0,7.97,MV,1635223910.0
67,taltal,-25.4,-70.4833,13.66,86.0,55.0,0.34,CL,1635223912.0
68,acarau,-2.8856,-40.12,26.28,74.0,38.0,7.16,BR,1635223913.0
69,hilo,19.7297,-155.09,23.1,90.0,90.0,2.57,US,1635223814.0
71,weyburn,49.6668,-103.8511,7.12,70.0,94.0,8.75,CA,1635223637.0
75,east london,-33.0153,27.9116,16.52,94.0,20.0,1.54,ZA,1635223809.0
76,hudiksvall,61.729,17.1036,9.45,83.0,81.0,3.94,SE,1635223923.0
78,hami,42.8,93.45,13.55,22.0,0.0,2.42,CN,1635223926.0
79,chicama,-7.8447,-79.1469,15.3,82.0,100.0,2.75,PE,1635223927.0
80,fort nelson,58.8053,-122.7002,-1.23,100.0,90.0,0.0,CA,1635223929.0
81,north bend,43.4065,-124.2243,11.48,97.0,90.0,4.12,US,1635223931.0
82,new norfolk,-42.7826,147.0587,16.49,41.0,1.0,0.89,AU,1635223870.0
83,teguise,29.0605,-13.564,17.12,77.0,0.0,3.6,ES,1635223933.0
84,tasiilaq,65.6145,-37.6368,-0.61,84.0,100.0,1.46,GL,1635223889.0
85,mahebourg,-20.4081,57.7,24.16,78.0,75.0,8.75,MU,1635223936.0
86,kharian,32.8149,73.8636,17.64,43.0,0.0,0.63,PK,1635223937.0
88,hasaki,35.7333,140.8333,17.26,76.0,90.0,12.55,JP,1635223940.0
89,kangaatsiaq,68.3065,-53.4641,-7.97,83.0,23.0,4.19,GL,1635223942.0
90,kodiak,57.79,-152.4072,3.51,96.0,100.0,4.93,US,1635223944.0
91,port hardy,50.6996,-127.4199,10.1,93.0,90.0,2.57,CA,1635223945.0
92,najran,17.4924,44.1277,15.36,14.0,5.0,0.33,SA,1635223947.0
93,busselton,-33.65,115.3333,13.91,63.0,99.0,5.12,AU,1635223766.0
94,touros,-5.1989,-35.4608,25.5,71.0,97.0,5.86,BR,1635223797.0
95,santa isabel,-23.3156,-46.2214,17.65,97.0,99.0,1.08,BR,1635223951.0
96,tiksi,71.6872,128.8694,-14.89,94.0,100.0,1.55,RU,1635223952.0
98,castro,-24.7911,-50.0119,12.61,95.0,42.0,1.12,BR,1635223724.0
99,georgetown,5.4112,100.3354,30.73,75.0,40.0,2.24,MY,1635223956.0
100,airai,-8.9266,125.4092,27.12,35.0,84.0,1.3,TL,1635223958.0
101,bredasdorp,-34.5322,20.0403,16.82,91.0,100.0,4.57,ZA,1635223959.0
102,egvekinot,66.3167,-179.1667,-18.52,88.0,17.0,2.99,RU,1635223960.0
103,sucua,-2.4667,-78.1667,19.9,97.0,89.0,1.48,EC,1635223962.0
104,tezu,27.9167,96.1667,28.26,46.0,2.0,1.65,IN,1635223963.0
105,baruun-urt,46.6806,113.2792,6.59,31.0,7.0,4.81,MN,1635223965.0
106,saint-pierre,-21.3393,55.4781,25.94,63.0,0.0,8.75,RE,1635223966.0
107,nanortalik,60.1432,-45.2371,1.89,61.0,89.0,4.89,GL,1635223968.0
108,nelson bay,-32.7167,152.15,20.52,61.0,44.0,1.79,AU,1635223969.0
109,umm lajj,25.0213,37.2685,26.72,48.0,0.0,0.58,SA,1635223971.0
110,gander,48.9682,-54.5906,2.97,74.0,90.0,4.02,CA,1635223972.0
111,nago,26.5881,127.9761,26.17,54.0,10.0,5.73,JP,1635223974.0
112,fare,-16.7,-151.0167,23.48,90.0,100.0,2.9,PF,1635223975.0
113,kavaratti,10.5669,72.642,27.79,75.0,100.0,6.61,IN,1635223977.0
114,severo-kurilsk,50.6789,156.125,8.24,83.0,25.0,7.13,RU,1635223978.0
116,constitucion,-35.3333,-72.4167,13.08,82.0,40.0,4.33,CL,1635223691.0
117,chokurdakh,70.6333,147.9167,-29.95,100.0,28.0,1.15,RU,1635223982.0
118,pevek,69.7008,170.3133,-16.17,94.0,100.0,1.42,RU,1635223832.0
120,hobart,-42.8794,147.3294,16.08,54.0,20.0,0.45,AU,1635223986.0
121,cherskiy,68.75,161.3,-24.29,96.0,97.0,1.27,RU,1635223987.0
123,fairbanks,64.8378,-147.7164,-2.35,90.0,90.0,2.06,US,1635223825.0
124,nemuro,43.3236,145.575,15.24,83.0,100.0,6.41,JP,1635223948.0
125,san patricio,28.017,-97.5169,25.99,76.0,97.0,4.14,US,1635223993.0
126,terrace,54.5163,-128.6035,7.95,100.0,90.0,0.0,CA,1635223767.0
127,soyo,-6.1349,12.3689,24.69,85.0,100.0,4.01,AO,1635223908.0
128,guerrero negro,27.9769,-114.0611,19.56,72.0,56.0,8.54,MX,1635223886.0
129,esmeralda,21.8525,-78.1169,24.29,89.0,72.0,1.38,CU,1635223998.0
130,cabo san lucas,22.8909,-109.9124,23.66,76.0,2.0,2.24,MX,1635223999.0
131,arraial do cabo,-22.9661,-42.0278,20.72,91.0,94.0,4.69,BR,1635223821.0
132,kagoro,9.6,8.3833,19.91,96.0,97.0,0.45,NG,1635224002.0
134,cape town,-33.9258,18.4232,16.41,65.0,0.0,0.89,ZA,1635223751.0
136,vyazma,55.2104,34.2951,0.36,75.0,100.0,5.18,RU,1635224007.0
137,sitka,57.0531,-135.33,4.94,87.0,1.0,1.54,US,1635224009.0
140,los llanos de aridane,28.6585,-17.9182,16.74,83.0,40.0,2.24,ES,1635223912.0
141,ciudad bolivar,8.1222,-63.5497,23.69,92.0,96.0,2.96,VE,1635224014.0
142,atuona,-9.8,-139.0333,25.55,71.0,11.0,6.71,PF,1635224015.0
143,sa kaeo,13.75,102.3333,28.85,63.0,70.0,4.15,TH,1635224017.0
144,muros,42.7762,-9.0603,9.1,96.0,4.0,2.63,ES,1635224018.0
145,torbay,47.6666,-52.7314,4.09,85.0,90.0,4.63,CA,1635224020.0
146,coihaique,-45.5752,-72.0662,6.97,87.0,90.0,1.03,CL,1635224021.0
147,tuktoyaktuk,69.4541,-133.0374,-2.0,100.0,90.0,1.54,CA,1635224023.0
148,dudinka,69.4058,86.1778,-8.45,95.0,99.0,5.29,RU,1635224024.0
149,lamu,-2.2717,40.902,25.12,78.0,60.0,3.08,KE,1635224026.0
150,dikson,73.5069,80.5464,-10.24,85.0,100.0,6.27,RU,1635224027.0
151,marathon,44.9,-89.7668,1.64,86.0,1.0,2.57,US,1635224029.0
152,revadanda,18.5503,72.9278,30.0,54.0,35.0,2.4,IN,1635224030.0
153,hamilton,39.1834,-84.5333,9.93,92.0,90.0,0.45,US,1635223734.0
154,kaitangata,-46.2817,169.8464,11.81,86.0,100.0,2.45,NZ,1635224033.0
155,puerto ayora,-0.7393,-90.3518,19.75,94.0,69.0,1.34,EC,1635223778.0
156,garowe,8.4054,48.4845,24.47,67.0,43.0,2.76,SO,1635224036.0
157,puerto del rosario,28.5004,-13.8627,20.86,78.0,6.0,6.69,ES,1635224037.0
159,te anau,-45.4167,167.7167,16.53,75.0,59.0,1.28,NZ,1635224040.0
161,soure,-0.7167,-48.5233,26.97,82.0,64.0,4.13,BR,1635224043.0
162,kostomuksha,64.571,30.5767,2.42,100.0,100.0,2.8,RU,1635224045.0
163,lebu,-37.6167,-73.65,11.02,94.0,9.0,6.8,CL,1635224046.0
164,norman wells,65.282,-126.8329,-3.98,93.0,75.0,1.54,CA,1635223837.0
165,acapulco,16.8634,-99.8901,25.57,86.0,95.0,1.13,MX,1635223861.0
166,broome,42.2506,-75.833,15.42,80.0,100.0,0.45,US,1635224050.0
167,klaksvik,62.2266,-6.589,6.51,73.0,92.0,4.23,FO,1635224052.0
168,bethanien,-26.502,17.1583,18.63,26.0,0.0,1.09,NA,1635224053.0
169,hobyo,5.3505,48.5268,27.48,70.0,35.0,3.36,SO,1635224055.0
170,quelimane,-17.8786,36.8883,25.51,83.0,75.0,3.13,MZ,1635224056.0
171,domodossola,46.1165,8.2931,6.23,66.0,81.0,2.68,IT,1635224058.0
172,tocopilla,-22.092,-70.1979,15.6,72.0,1.0,0.69,CL,1635223913.0
173,mecca,21.4267,39.8261,27.91,53.0,0.0,1.09,SA,1635224060.0
174,parati,-23.2178,-44.7131,19.69,96.0,90.0,1.05,BR,1635224062.0
175,ribeira grande,38.5167,-28.7,20.8,76.0,37.0,10.5,PT,1635224063.0
176,khandyga,62.6667,135.6,-0.03,96.0,100.0,1.88,RU,1635224065.0
177,camacha,33.0833,-16.3333,17.68,72.0,40.0,4.63,PT,1635224066.0
178,ponta do sol,32.6667,-17.1,20.43,69.0,8.0,3.13,PT,1635224068.0
179,qeshm,26.9581,56.2719,23.93,67.0,0.0,4.55,IR,1635224069.0
180,hualmay,-11.0964,-77.6139,16.72,85.0,68.0,4.3,PE,1635224071.0
181,krasnoselkup,65.7,82.4667,-4.75,89.0,99.0,4.13,RU,1635224072.0
182,srednekolymsk,67.45,153.6833,-20.39,97.0,39.0,1.26,RU,1635224074.0
183,chara,56.9064,118.2631,0.4,63.0,92.0,1.89,RU,1635224075.0
184,general roca,-39.0333,-67.5833,18.12,39.0,51.0,9.57,AR,1635224077.0
185,cortez,37.3489,-108.5859,10.14,56.0,43.0,3.37,US,1635224078.0
188,isangel,-19.55,169.2667,27.06,74.0,37.0,3.09,VU,1635224082.0
189,mirnyy,62.5353,113.9611,0.03,85.0,100.0,0.36,RU,1635224084.0
190,emilio carranza,19.9711,-96.6114,25.86,91.0,98.0,2.03,MX,1635224085.0
192,shurugwi,-19.6702,30.0059,14.34,85.0,98.0,3.39,ZW,1635224088.0
193,yuanping,38.7153,112.7575,16.0,23.0,13.0,4.16,CN,1635224089.0
194,chongqing,29.5628,106.5528,18.5,80.0,20.0,0.89,CN,1635224091.0
195,borogontsy,62.6683,131.1683,0.33,98.0,100.0,0.48,RU,1635224092.0
196,vila velha,-20.3297,-40.2925,22.97,83.0,90.0,1.03,BR,1635224094.0
197,bethel,41.3712,-73.414,11.69,93.0,90.0,1.79,US,1635224095.0
198,talas,38.6908,35.5538,-3.63,86.0,0.0,1.54,TR,1635224096.0
199,quang ngai,15.1167,108.8,24.03,91.0,100.0,3.98,VN,1635223911.0
200,angoche,-16.2325,39.9086,27.42,76.0,9.0,2.91,MZ,1635224099.0
202,leshukonskoye,64.8989,45.7622,-4.95,97.0,99.0,1.45,RU,1635224102.0
203,monrovia,6.3005,-10.7969,23.87,90.0,100.0,2.88,LR,1635224104.0
204,makamba,-4.1348,29.804,20.15,73.0,98.0,1.32,BI,1635224054.0
205,novikovo,51.1537,37.8879,-1.35,72.0,14.0,2.43,RU,1635224107.0
206,salalah,17.0151,54.0924,27.11,55.0,23.0,1.85,OM,1635223820.0
207,chimbote,-9.0853,-78.5783,16.5,88.0,100.0,2.9,PE,1635224109.0
208,baijiantan,45.6333,85.1833,12.39,21.0,0.0,0.76,CN,1635224111.0
210,thompson,55.7435,-97.8558,2.09,80.0,75.0,1.54,CA,1635224114.0
211,chuy,-33.6971,-53.4616,14.93,74.0,0.0,2.73,UY,1635224114.0
213,micheweni,-4.9667,39.8333,27.09,71.0,89.0,1.78,TZ,1635224118.0
214,ovre ardal,61.3167,7.8,4.49,93.0,94.0,2.4,NO,1635224119.0
215,ilulissat,69.2167,-51.1,-18.91,81.0,1.0,1.77,GL,1635224121.0
216,antofagasta,-23.65,-70.4,13.6,82.0,0.0,0.66,CL,1635223563.0
217,lubango,-14.9172,13.4925,16.27,34.0,43.0,1.07,AO,1635223910.0
218,yarke pole,45.608,34.3172,4.08,67.0,2.0,1.74,UA,1635224125.0
219,nara,34.6851,135.8049,19.71,62.0,88.0,4.17,JP,1635224126.0
220,temba,-25.3803,28.2631,18.39,74.0,6.0,6.18,ZA,1635224128.0
221,poum,-20.2333,164.0167,24.54,69.0,76.0,4.2,NC,1635224129.0
222,san cristobal,7.7669,-72.225,20.1,97.0,60.0,0.73,VE,1635223881.0
223,kununurra,-15.7667,128.7333,37.99,32.0,16.0,2.57,AU,1635224132.0
224,arlit,18.7369,7.3853,26.36,13.0,0.0,2.68,NE,1635224133.0
225,tautira,-17.7333,-149.15,25.01,75.0,100.0,1.46,PF,1635224135.0
226,manakara,-22.1333,48.0167,25.32,68.0,66.0,3.11,MG,1635224136.0
227,hattiesburg,31.3271,-89.2903,18.56,91.0,1.0,3.09,US,1635224138.0
228,faanui,-16.4833,-151.75,23.75,86.0,100.0,3.85,PF,1635224139.0
229,san jose,37.3394,-121.895,10.7,84.0,20.0,2.06,US,1635223865.0
230,doha,25.2867,51.5333,28.57,46.0,0.0,3.09,QA,1635223914.0
231,moctezuma,29.8,-109.6667,20.15,52.0,0.0,1.52,MX,1635224143.0
232,moree,-29.4667,149.85,28.01,12.0,0.0,3.6,AU,1635224145.0
233,belyy yar,53.6039,91.3903,10.94,54.0,0.0,2.0,RU,1635224146.0
234,alyangula,-13.8483,136.4192,31.93,62.0,40.0,2.57,AU,1635224148.0
235,kavieng,-2.5744,150.7967,28.51,70.0,74.0,1.9,PG,1635224149.0
236,bentiu,9.2333,29.8333,26.55,64.0,51.0,1.01,SS,1635224151.0
238,esperance,-33.8667,121.9,14.91,61.0,81.0,3.17,AU,1635224089.0
239,mokokchung,26.3333,94.5333,22.73,53.0,2.0,1.92,IN,1635224155.0
240,bantou,26.2151,117.4893,26.26,54.0,57.0,1.35,CN,1635224156.0
241,snihurivka,47.0758,32.8052,-1.01,65.0,0.0,3.0,UA,1635224158.0
242,saint george,37.1041,-113.5841,13.3,82.0,90.0,1.79,US,1635224159.0
243,two rivers,44.1539,-87.5693,5.62,85.0,100.0,0.45,US,1635224161.0
244,rafai,4.95,23.9167,21.48,96.0,100.0,0.6,CF,1635224162.0
245,mezen,65.8522,44.24,-7.13,96.0,75.0,2.09,RU,1635224164.0
246,vilhena,-12.7406,-60.1458,20.62,87.0,100.0,1.22,BR,1635224165.0
247,harper,4.375,-7.7169,24.86,84.0,100.0,2.27,LR,1635224167.0
248,sur,22.5667,59.5289,29.34,50.0,5.0,2.66,OM,1635224156.0
249,petropavlovsk-kamchatskiy,53.0452,158.6483,7.33,61.0,75.0,1.0,RU,1635224169.0
251,vao,-22.6667,167.4833,22.15,80.0,15.0,7.71,NC,1635224172.0
252,abbeyfeale,52.3814,-9.3025,13.66,92.0,100.0,5.4,IE,1635224174.0
253,show low,34.2542,-110.0298,14.35,48.0,1.0,9.77,US,1635223898.0
254,ornskoldsvik,63.2909,18.7153,-1.47,100.0,0.0,3.09,SE,1635224176.0
255,verkhnevilyuysk,63.4453,120.3167,1.05,86.0,100.0,2.75,RU,1635224178.0
256,kirovskiy,45.0917,133.5136,16.04,40.0,7.0,3.76,RU,1635224179.0
257,prachuap khiri khan,12.2167,99.75,28.17,65.0,100.0,4.02,TH,1635224181.0
258,charlottesville,38.0293,-78.4767,13.75,98.0,75.0,2.24,US,1635224042.0
259,mogwase,-25.185,27.2665,16.77,69.0,0.0,3.65,ZA,1635224184.0
260,portland,45.5234,-122.6762,10.54,89.0,80.0,0.89,US,1635224093.0
261,fortuna,40.5982,-124.1573,11.65,74.0,75.0,2.68,US,1635224186.0
262,parabel,58.6978,81.4825,1.23,97.0,100.0,6.88,RU,1635224188.0
263,pak phanang,8.3511,100.202,30.94,67.0,82.0,3.11,TH,1635224189.0
264,tahta,26.7693,31.5021,19.52,50.0,0.0,3.26,EG,1635224191.0
265,fukue,32.6881,128.8419,22.2,56.0,40.0,3.6,JP,1635224192.0
266,ancud,-41.8697,-73.8203,9.74,92.0,100.0,5.73,CL,1635224194.0
267,faya,18.3851,42.4509,13.29,53.0,1.0,0.84,SA,1635224091.0
269,bataipora,-22.2953,-53.2711,18.62,93.0,75.0,1.58,BR,1635224198.0
270,ghanzi,-21.5667,21.7833,22.08,49.0,0.0,4.2,BW,1635224200.0
271,avera,33.194,-82.5271,19.54,87.0,14.0,6.12,US,1635224201.0
272,fonte boa,-2.4959,-66.2662,22.87,94.0,98.0,0.75,BR,1635224202.0
273,sabha,27.0377,14.4283,19.77,27.0,7.0,3.62,LY,1635224204.0
274,nicoya,10.1483,-85.452,24.75,94.0,99.0,0.56,CR,1635224205.0
275,mount isa,-20.7333,139.5,35.87,17.0,75.0,3.09,AU,1635224207.0
276,evensk,61.95,159.2333,-9.6,78.0,2.0,2.25,RU,1635224208.0
277,netrakona,24.8833,90.7167,27.9,61.0,0.0,1.68,BD,1635224210.0
278,yatou,37.15,122.3833,18.78,46.0,100.0,4.44,CN,1635224211.0
279,jalu,29.0331,21.5482,21.48,41.0,47.0,1.66,LY,1635224213.0
280,naliya,23.2667,68.8333,29.59,32.0,0.0,1.49,IN,1635224214.0
281,lamar,33.6668,-95.5836,17.47,71.0,0.0,4.29,US,1635224216.0
282,hofn,64.2539,-15.2082,4.78,73.0,40.0,2.71,IS,1635224217.0
283,salta,-24.7859,-65.4117,15.96,45.0,0.0,0.89,AR,1635223941.0
284,nome,64.5011,-165.4064,-5.47,87.0,63.0,2.79,US,1635224220.0
286,kpandu,6.9954,0.2931,24.48,87.0,100.0,0.79,GH,1635224223.0
287,sangar,63.9242,127.4739,-3.22,96.0,100.0,3.26,RU,1635224224.0
288,bukachacha,52.9833,116.9167,4.08,44.0,96.0,3.74,RU,1635224226.0
289,gat,31.61,34.7642,18.52,81.0,0.0,1.19,IL,1635224227.0
290,hatillo,18.4863,-66.8254,24.18,82.0,2.0,1.46,PR,1635224229.0
291,haines junction,60.7522,-137.5108,-9.03,92.0,100.0,0.51,CA,1635224033.0
292,zyryanka,65.75,150.85,-14.93,89.0,53.0,1.86,RU,1635224232.0
293,julio de castilhos,-29.2269,-53.6817,12.71,71.0,0.0,1.72,BR,1635224233.0
294,palauig,15.435,119.9045,29.68,66.0,84.0,2.33,PH,1635224230.0
295,tateyama,34.9833,139.8667,20.14,71.0,50.0,8.39,JP,1635224236.0
296,tonantins,-2.8731,-67.8022,23.43,96.0,99.0,0.83,BR,1635224238.0
297,san carlos de bariloche,-41.1456,-71.3082,9.86,62.0,40.0,10.8,AR,1635224240.0
299,walvis bay,-22.9575,14.5053,13.53,82.0,0.0,3.6,NA,1635224243.0
300,seoul,37.5683,126.9778,18.33,47.0,20.0,2.57,KR,1635224244.0
301,tatarsk,55.219,75.9828,6.58,82.0,100.0,6.65,RU,1635224246.0
302,karasburg,-28.0167,18.75,18.12,25.0,0.0,4.38,NA,1635224247.0
303,manono,-7.3,27.4167,20.6,90.0,100.0,1.27,CD,1635224249.0
304,ozernovskiy,51.5,156.5167,6.1,95.0,100.0,6.32,RU,1635224250.0
305,luderitz,-26.6481,15.1594,14.21,87.0,2.0,0.85,NA,1635224252.0
306,laguna,38.421,-121.4238,12.2,83.0,75.0,1.34,US,1635224253.0
307,hambantota,6.1241,81.1185,27.19,94.0,20.0,3.09,LK,1635224255.0
308,bathsheba,13.2167,-59.5167,28.34,74.0,20.0,8.75,BB,1635224256.0
309,iqaluit,63.7506,-68.5145,-1.28,92.0,90.0,4.47,CA,1635224059.0
310,gaptsakh,41.4517,47.9303,-0.14,98.0,100.0,1.32,RU,1635224259.0
311,carnarvon,-24.8667,113.6333,21.04,52.0,42.0,7.2,AU,1635224260.0
312,victoria,22.2855,114.1577,26.02,73.0,100.0,1.34,HK,1635224139.0
314,watsa,3.0372,29.5355,18.74,94.0,87.0,0.49,CD,1635224264.0
315,culleredo,43.2879,-8.3886,8.15,92.0,75.0,2.06,ES,1635224266.0
316,beringovskiy,63.05,179.3167,-9.3,77.0,99.0,0.62,RU,1635224267.0
317,mandalgovi,45.7625,106.2708,6.61,34.0,5.0,5.41,MN,1635224269.0
318,neiafu,-18.65,-173.9833,26.38,69.0,20.0,4.12,TO,1635224260.0
319,rodrigues alves,-7.738,-72.6509,20.13,92.0,100.0,1.25,BR,1635224271.0
320,boguchany,58.3814,97.4531,2.68,64.0,59.0,3.81,RU,1635224273.0
321,soeng sang,14.4264,102.4606,28.36,70.0,80.0,4.48,TH,1635224274.0
322,bridlington,54.0831,-0.1919,7.91,85.0,76.0,5.48,GB,1635224276.0
325,bela pod bezdezem,50.5012,14.8042,4.94,73.0,100.0,1.67,CZ,1635224280.0
326,namatanai,-3.6667,152.4333,29.05,62.0,66.0,2.0,PG,1635224281.0
327,plouzane,48.3833,-4.6167,14.08,97.0,90.0,5.66,FR,1635224149.0
328,karoi,-16.8099,29.6925,20.93,61.0,6.0,5.52,ZW,1635224284.0
329,yarmouth,41.7057,-70.2286,16.69,96.0,90.0,2.24,US,1635224286.0
330,stromness,58.965,-3.296,7.79,87.0,82.0,4.92,GB,1635224287.0
332,kanashevo,55.2169,62.0634,-1.69,70.0,17.0,6.93,RU,1635224290.0
333,rawson,-43.3002,-65.1023,16.96,38.0,61.0,11.59,AR,1635224031.0
334,mao,39.8885,4.2658,14.31,88.0,0.0,3.09,ES,1635224293.0
335,lakselv,70.0513,24.9718,-3.1,86.0,75.0,1.03,NO,1635224294.0
336,wakefield,53.6809,-1.499,9.75,81.0,100.0,3.41,GB,1635224295.0
337,san quintin,30.4833,-115.95,18.4,77.0,86.0,3.52,MX,1635224097.0
338,lorengau,-2.0226,147.2712,29.61,66.0,81.0,3.02,PG,1635224107.0
339,mayo,38.8876,-76.5119,15.82,94.0,100.0,0.89,US,1635224300.0
340,bosconia,9.9689,-73.8836,23.61,94.0,76.0,1.16,CO,1635224301.0
341,koundara,12.4833,-13.3,22.72,93.0,94.0,1.22,GN,1635224303.0
342,tzucacab,20.0667,-89.05,24.44,94.0,72.0,0.6,MX,1635224304.0
343,high level,58.5169,-117.136,3.06,100.0,90.0,2.06,CA,1635224306.0
344,pisco,-13.7,-76.2167,15.03,82.0,0.0,0.51,PE,1635224307.0
345,akyab,20.15,92.9,28.61,70.0,54.0,2.34,MM,1635224309.0
346,harwich,51.9419,1.2844,9.57,90.0,60.0,1.34,GB,1635224310.0
347,gulu,2.7746,32.299,20.89,77.0,54.0,1.8,UG,1635224312.0
348,road town,18.4167,-64.6167,27.33,66.0,2.0,6.13,VG,1635224313.0
349,suzhou,31.3114,120.6181,20.93,50.0,77.0,1.19,CN,1635224315.0
350,san vicente,-26.6167,-54.1333,13.71,85.0,8.0,1.1,AR,1635224316.0
351,araguaina,-7.1911,-48.2072,24.14,84.0,31.0,0.79,BR,1635224318.0
352,hemsedal,60.8629,8.5534,3.95,93.0,41.0,2.37,NO,1635224319.0
353,kastamonu,41.5,33.6667,0.72,94.0,21.0,1.14,TR,1635224320.0
355,vanavara,60.34,102.2797,-0.32,73.0,90.0,5.21,RU,1635224323.0
356,saint-georges,12.0564,-61.7485,27.82,78.0,20.0,9.77,GD,1635224154.0
357,mugan,35.9404,101.3842,5.4,72.0,100.0,1.82,CN,1635224326.0
358,mantua,45.1667,10.7833,4.35,68.0,45.0,1.83,IT,1635224327.0
359,solnechnyy,50.7214,136.6319,9.75,59.0,49.0,2.81,RU,1635224329.0
360,sitio novo do tocantins,-5.5183,-47.4611,26.96,94.0,0.0,0.0,BR,1635224330.0
361,northam,51.0333,-4.2167,11.79,95.0,100.0,5.5,GB,1635224332.0
362,husavik,66.0449,-17.3389,-5.05,78.0,66.0,3.43,IS,1635224238.0
363,iskateley,67.6803,53.1512,-5.95,86.0,71.0,4.6,RU,1635224334.0
364,nouadhibou,20.931,-17.0347,20.99,78.0,85.0,9.77,MR,1635224336.0
365,bengkulu,-3.8004,102.2655,28.54,69.0,100.0,2.71,ID,1635224337.0
366,takoradi,4.8845,-1.7554,24.93,91.0,100.0,3.97,GH,1635224339.0
367,burnie,-41.0667,145.9167,15.52,53.0,2.0,3.43,AU,1635224257.0
368,bandarbeyla,9.4942,50.8122,26.03,72.0,64.0,1.23,SO,1635224342.0
369,dingle,10.9995,122.6711,29.3,74.0,99.0,4.57,PH,1635224343.0
370,areosa,41.7178,-8.8571,11.71,77.0,0.0,1.71,PT,1635224345.0
371,surat thani,9.1667,99.25,31.45,69.0,40.0,2.57,TH,1635224346.0
372,oranjemund,-28.55,16.4333,14.78,85.0,1.0,1.03,NA,1635224348.0
373,yulara,-25.2406,130.9889,37.91,15.0,40.0,11.32,AU,1635224349.0
374,burns lake,54.2331,-125.7533,1.68,93.0,85.0,0.85,CA,1635224351.0
375,kiunga,-6.1219,141.2906,34.58,47.0,53.0,0.7,PG,1635224352.0
376,saint-augustin,51.226,-58.6502,2.35,83.0,27.0,3.86,CA,1635224354.0
377,tuatapere,-46.1333,167.6833,12.51,97.0,96.0,1.19,NZ,1635224355.0
378,sao jose da coroa grande,-8.8978,-35.1478,25.58,66.0,96.0,4.34,BR,1635224357.0
380,monkey bay,-14.0728,34.9201,26.36,67.0,10.0,3.05,MW,1635224360.0
381,seminole,28.7086,-81.2081,23.76,94.0,0.0,3.67,US,1635224361.0
382,trairi,-3.2778,-39.2689,26.32,75.0,39.0,5.38,BR,1635224131.0
383,abu kamal,34.4506,40.9171,20.54,29.0,21.0,2.3,SY,1635224364.0
384,alice springs,-23.7,133.8833,36.75,18.0,40.0,2.57,AU,1635224365.0
385,awbari,26.5921,12.7805,18.5,31.0,17.0,2.76,LY,1635224367.0
386,gayny,60.3071,54.3241,-2.57,76.0,100.0,2.05,RU,1635224368.0
387,pandan,14.0453,124.1694,27.64,83.0,100.0,3.66,PH,1635224370.0
388,paita,-5.0892,-81.1144,18.19,81.0,100.0,4.54,PE,1635224371.0
389,dukat,62.55,155.55,-16.57,98.0,38.0,1.01,RU,1635224373.0
390,moerai,-22.4333,-151.3333,22.99,72.0,87.0,10.23,PF,1635224374.0
391,shakawe,-18.3667,21.85,23.87,61.0,100.0,1.81,BW,1635224376.0
392,taiyuan,37.8694,112.5603,16.92,27.0,0.0,5.0,CN,1635224227.0
393,grants,35.1473,-107.8514,9.13,40.0,1.0,2.06,US,1635224378.0
394,jieshi,22.8134,115.8257,28.3,66.0,98.0,5.33,CN,1635224380.0
395,chernyshevskiy,63.0128,112.4714,-1.5,82.0,100.0,2.69,RU,1635224381.0
396,sawakin,19.1059,37.3321,28.62,76.0,52.0,1.76,SD,1635224383.0
397,ampanihy,-24.7,44.75,29.97,39.0,66.0,4.83,MG,1635224384.0
398,flinders,-34.5833,150.8552,19.71,62.0,18.0,3.87,AU,1635224386.0
399,lagoa,39.05,-27.9833,19.68,74.0,3.0,6.04,PT,1635224387.0
400,port lincoln,-34.7333,135.8667,24.6,41.0,74.0,6.12,AU,1635224389.0
401,lavrentiya,65.5833,-171.0,-9.46,80.0,100.0,4.51,RU,1635224390.0
402,vardo,70.3705,31.1107,0.11,75.0,100.0,11.55,NO,1635224392.0
404,adrar,20.5022,-10.0711,24.61,18.0,49.0,4.83,MR,1635224395.0
406,longyearbyen,78.2186,15.6401,-9.09,73.0,0.0,4.63,SJ,1635224397.0
407,slobozia,46.7281,29.7078,-4.51,74.0,5.0,1.91,MD,1635224298.0
408,codrington,-38.2667,141.9667,19.25,48.0,92.0,2.42,AU,1635224400.0
409,netivot,31.4222,34.5886,18.12,81.0,1.0,1.15,IL,1635224402.0
410,shimoda,34.6667,138.95,20.06,72.0,62.0,2.06,JP,1635224264.0
411,borujerd,33.8973,48.7516,12.99,28.0,0.0,0.94,IR,1635224409.0
412,eureka,40.8021,-124.1637,11.98,69.0,95.0,1.79,US,1635224412.0
413,polunochnoye,60.8697,60.4153,-3.35,66.0,7.0,3.34,RU,1635224415.0
414,contai,21.7786,87.7536,28.32,67.0,3.0,3.51,IN,1635224417.0
415,clyde river,70.4692,-68.5914,-6.92,82.0,56.0,3.86,CA,1635224419.0
417,khorixas,-20.3667,14.9667,16.8,28.0,9.0,1.79,NA,1635224422.0
418,kahului,20.8947,-156.47,25.46,84.0,12.0,3.13,US,1635224424.0
419,traralgon,-38.1833,146.5333,18.95,60.0,0.0,0.45,AU,1635224425.0
420,polis,35.0367,32.4264,16.9,65.0,66.0,1.69,CY,1635224427.0
421,mangrol,21.1167,70.1167,28.27,44.0,4.0,4.45,IN,1635224428.0
422,ust-nera,64.5667,143.2,-10.37,96.0,97.0,1.09,RU,1635224274.0
423,sorland,67.667,12.6934,7.04,85.0,99.0,7.88,NO,1635224431.0
424,marakkanam,12.2,79.95,29.95,60.0,100.0,4.04,IN,1635224433.0
425,itarema,-2.9248,-39.9167,26.21,73.0,27.0,6.73,BR,1635224434.0
426,troy,42.6056,-83.1499,7.67,89.0,90.0,0.45,US,1635224303.0
427,jamame,0.0722,42.7506,28.58,67.0,75.0,4.01,SO,1635224437.0
428,inhambane,-23.865,35.3833,24.23,64.0,94.0,3.53,MZ,1635224438.0
429,bosaso,11.2842,49.1816,28.07,57.0,8.0,1.96,SO,1635224440.0
430,perehonivka,48.5355,30.5192,0.95,70.0,4.0,3.19,UA,1635224441.0
431,sinjar,36.3209,41.8754,19.36,38.0,67.0,1.61,IQ,1635224443.0
433,westport,41.1415,-73.3579,13.92,95.0,90.0,0.45,US,1635224250.0
434,zaysan,47.4667,84.8667,11.96,27.0,7.0,1.13,KZ,1635224447.0
435,ylivieska,64.0833,24.55,6.66,97.0,100.0,3.3,FI,1635224448.0
436,san policarpo,12.1791,125.5072,29.24,67.0,100.0,3.91,PH,1635224450.0
438,spassk-dalniy,44.5978,132.8211,15.89,46.0,7.0,5.63,RU,1635224453.0
439,menongue,-14.6585,17.691,19.65,73.0,96.0,1.88,AO,1635224454.0
440,jacmel,18.2342,-72.5347,25.36,79.0,65.0,0.53,HT,1635224456.0
441,mto wa mbu,-3.35,35.85,22.61,70.0,95.0,3.18,TZ,1635224457.0
442,sao filipe,14.8961,-24.4956,25.64,80.0,67.0,3.68,CV,1635224459.0
443,benjamin constant,-4.3831,-70.0311,22.49,99.0,100.0,1.74,BR,1635224460.0
444,anadyr,64.75,177.4833,-17.72,85.0,20.0,4.0,RU,1635224462.0
445,tevaitoa,-16.7833,-151.5,23.79,86.0,100.0,3.75,PF,1635224464.0
446,la rioja,42.25,-2.5,6.38,89.0,0.0,1.88,ES,1635224465.0
447,agen,44.2,0.6333,11.28,100.0,90.0,1.03,FR,1635224168.0
448,penticton,49.4806,-119.5858,11.49,88.0,100.0,3.82,CA,1635224418.0
449,kashi,39.4547,75.9797,15.14,30.0,11.0,0.28,CN,1635224469.0
450,otradnoye,59.7775,30.8181,4.75,89.0,100.0,4.1,RU,1635224471.0
451,maraa,-1.8333,-65.3667,23.69,94.0,99.0,0.65,BR,1635224472.0
452,bismil,37.8486,40.6658,8.06,33.0,100.0,2.35,TR,1635224474.0
453,grindavik,63.8424,-22.4338,3.26,87.0,75.0,3.6,IS,1635224475.0
454,tawang,27.5833,91.8667,14.49,42.0,2.0,3.34,IN,1635224477.0
455,banda aceh,5.5577,95.3222,28.82,70.0,100.0,0.86,ID,1635224478.0
456,tobe,33.7447,132.7901,20.03,55.0,4.0,3.33,JP,1635224480.0
457,meulaboh,4.1363,96.1285,28.95,69.0,86.0,2.71,ID,1635224481.0
458,zhumadian,32.9794,114.0294,20.99,45.0,93.0,2.59,CN,1635224483.0
459,san julian,21.0167,-102.1667,11.93,96.0,100.0,0.88,MX,1635224484.0
460,bonavista,48.6499,-53.1147,2.0,75.0,37.0,6.43,CA,1635224208.0
461,soe,-9.8607,124.284,33.01,22.0,58.0,4.45,ID,1635224487.0
462,puerto el triunfo,13.2833,-88.55,25.92,88.0,57.0,0.94,SV,1635224489.0
464,teruel,40.6667,-0.6667,2.63,67.0,100.0,1.01,ES,1635224491.0
466,morwell,-38.2333,146.4,19.18,59.0,0.0,1.15,AU,1635224205.0
467,omboue,-1.5746,9.2618,24.28,88.0,100.0,0.3,GA,1635224495.0
469,vostok,46.4856,135.8833,11.12,42.0,4.0,2.73,RU,1635224498.0
470,allende,25.2833,-100.0167,26.43,61.0,100.0,1.4,MX,1635224499.0
471,calabozo,8.9242,-67.4293,24.09,86.0,69.0,2.47,VE,1635224266.0
472,coquimbo,-29.9533,-71.3436,13.77,86.0,7.0,1.61,CL,1635224502.0
473,georgiyevskoye,58.731,45.024,1.18,97.0,100.0,4.52,RU,1635224504.0
474,namibe,-15.1961,12.1522,17.92,70.0,64.0,3.54,AO,1635224505.0
475,odweyne,9.4092,45.064,22.84,63.0,77.0,3.62,SO,1635224507.0
476,palu,-0.8917,119.8707,31.35,68.0,76.0,1.62,ID,1635224508.0
477,karratha,-20.7377,116.8463,32.25,30.0,1.0,8.7,AU,1635224510.0
478,lubumbashi,-11.6609,27.4794,21.15,64.0,35.0,1.36,CD,1635224353.0
479,warner robins,32.621,-83.5999,19.07,91.0,1.0,3.6,US,1635224512.0
480,benguela,-12.5763,13.4055,23.12,74.0,46.0,1.15,AO,1635224514.0
481,aguada de pasajeros,22.385,-80.8508,24.69,91.0,92.0,0.76,CU,1635224515.0
482,cairns,-16.9167,145.7667,31.97,45.0,6.0,5.66,AU,1635224403.0
484,taybad,34.74,60.7756,15.97,21.0,0.0,3.69,IR,1635224519.0
486,morondava,-20.2833,44.2833,27.52,64.0,17.0,2.96,MG,1635224522.0
487,cueramaro,20.6167,-101.7167,12.44,96.0,98.0,1.4,MX,1635224524.0
488,goure,13.9835,10.2704,27.23,18.0,32.0,3.79,NE,1635224525.0
489,zhenlai,45.8495,123.2973,13.56,36.0,48.0,6.88,CN,1635224527.0
491,saint-francois,46.4154,3.9054,9.95,100.0,90.0,1.03,FR,1635224530.0
492,cabedelo,-6.9811,-34.8339,25.94,74.0,100.0,6.99,BR,1635224531.0
493,mukhen,48.1,136.1,13.82,41.0,9.0,3.61,RU,1635224533.0
494,peniche,39.3558,-9.3811,13.65,93.0,0.0,5.71,PT,1635224534.0
496,pasighat,28.0667,95.3333,27.89,52.0,1.0,1.66,IN,1635224537.0
497,novaya malykla,54.2,49.95,0.08,70.0,36.0,4.19,RU,1635224538.0
498,tilichiki,60.4667,166.1,-5.56,93.0,82.0,2.24,RU,1635224540.0
499,padang,-0.9492,100.3543,30.03,76.0,73.0,2.13,ID,1635224541.0
500,lakatoro,-16.0999,167.4164,27.79,74.0,11.0,4.91,VU,1635224543.0
501,wysokie mazowieckie,52.9166,22.5171,0.56,72.0,100.0,3.85,PL,1635224544.0
502,slave lake,55.2834,-114.769,2.82,89.0,69.0,1.58,CA,1635224546.0
504,loding,67.3,14.75,6.15,95.0,75.0,0.45,NO,1635224549.0
505,rock sound,24.9,-76.2,28.04,75.0,100.0,5.92,BS,1635224430.0
506,tambura,5.6,27.4667,22.42,81.0,100.0,1.68,SS,1635224551.0
507,port augusta,-32.5,137.7667,32.06,8.0,14.0,6.58,AU,1635224553.0
508,raudeberg,61.9875,5.1352,7.17,95.0,85.0,2.68,NO,1635224554.0
509,demba,-5.51,22.2667,20.3,95.0,100.0,0.35,CD,1635224556.0
511,hovd,48.0056,91.6419,6.5,33.0,8.0,1.58,MN,1635224559.0
512,visby,57.6409,18.296,8.08,93.0,0.0,3.6,SE,1635224560.0
513,mount gambier,-37.8333,140.7667,21.23,34.0,100.0,0.36,AU,1635224441.0
514,kumluca,36.3703,30.2869,18.87,58.0,71.0,1.45,TR,1635224563.0
515,matara,5.9485,80.5353,28.82,68.0,100.0,4.08,LK,1635224564.0
516,altona,53.55,9.9333,10.2,95.0,75.0,3.09,DE,1635224566.0
517,koumac,-20.5667,164.2833,25.0,64.0,79.0,2.8,NC,1635224568.0
518,craig,40.5153,-107.5464,16.47,27.0,1.0,8.75,US,1635224569.0
519,kelo,9.3086,15.8066,23.85,79.0,27.0,1.9,TD,1635224571.0
520,cangucu,-31.395,-52.6756,14.31,76.0,0.0,3.1,BR,1635224572.0
521,harnosand,62.6323,17.9379,2.05,91.0,50.0,3.73,SE,1635224574.0
522,el salto,20.3333,-104.5,15.24,90.0,100.0,0.15,MX,1635224575.0
523,gizo,-8.103,156.8419,28.31,75.0,75.0,3.27,SB,1635224577.0
524,brae,60.3964,-1.353,8.95,85.0,60.0,6.2,GB,1635224578.0
525,pinega,64.7001,43.3936,-4.19,94.0,100.0,1.92,RU,1635224580.0
528,khor,47.8861,134.9464,14.22,40.0,48.0,4.71,RU,1635224584.0
529,mehamn,71.0357,27.8492,-0.12,86.0,90.0,5.14,NO,1635224585.0
530,campanha,-21.8361,-45.4006,18.93,97.0,100.0,1.31,BR,1635224587.0
531,simao,22.7886,100.9748,20.74,91.0,91.0,0.74,CN,1635224588.0
532,port macquarie,-31.4333,152.9167,20.5,58.0,56.0,3.86,AU,1635224590.0
533,ketchikan,55.3422,-131.6461,9.26,93.0,90.0,3.09,US,1635224591.0
534,gebre guracha,9.8,38.4,13.8,56.0,72.0,0.99,ET,1635224593.0
535,ishigaki,24.3448,124.1572,25.04,61.0,16.0,7.94,JP,1635224595.0
536,nongan,44.382,125.1685,13.11,35.0,96.0,5.09,CN,1635224596.0
537,pangnirtung,66.1451,-65.7125,-5.27,58.0,42.0,0.91,CA,1635224598.0
538,scarborough,54.2797,-0.4044,7.83,88.0,92.0,0.45,GB,1635224509.0
539,ayan,56.45,138.1667,5.82,65.0,96.0,0.67,RU,1635224600.0
540,tucuma,-0.1833,-50.05,24.79,93.0,38.0,2.67,BR,1635224550.0
541,aripuana,-9.1667,-60.6333,22.36,99.0,100.0,0.85,BR,1635224603.0
542,kertosono,-7.5833,112.1,36.37,36.0,70.0,2.84,ID,1635224605.0
543,cassilandia,-19.1133,-51.7342,21.24,83.0,64.0,1.46,BR,1635224322.0
544,kenai,60.5544,-151.2583,1.33,94.0,100.0,2.9,US,1635224330.0
545,verkh-usugli,52.7,115.1667,4.7,53.0,100.0,5.01,RU,1635224609.0
546,la canada,20.6167,-100.3167,14.17,100.0,40.0,0.0,MX,1635224610.0
547,pakhtakoron,40.1571,68.7466,17.2,21.0,100.0,1.19,TJ,1635224612.0
548,lompoc,34.6391,-120.4579,11.88,91.0,1.0,2.57,US,1635224613.0
549,ariquemes,-9.9133,-63.0408,22.79,96.0,100.0,0.24,BR,1635224614.0
550,pauini,-7.7136,-66.9764,21.19,100.0,100.0,0.93,BR,1635224616.0
551,madang,-5.2246,145.7966,29.9,67.0,100.0,3.29,PG,1635224617.0
552,deputatskiy,69.3,139.9,-16.78,98.0,99.0,1.13,RU,1635224619.0
553,vila do maio,15.1333,-23.2167,25.44,80.0,100.0,5.37,CV,1635224620.0
554,gawler,-34.6,138.7333,29.81,17.0,88.0,2.59,AU,1635224622.0
555,ust-kuyga,70.0167,135.6,-17.56,99.0,96.0,2.31,RU,1635224623.0
556,olinda,-8.0089,-34.8553,26.85,69.0,40.0,4.12,BR,1635224606.0
557,tavda,58.0425,65.2726,-2.18,77.0,44.0,5.3,RU,1635224626.0
558,vagur,61.4732,-6.8119,8.43,78.0,43.0,5.13,FO,1635224628.0
559,grandola,38.1772,-8.5668,11.86,85.0,0.0,2.34,PT,1635224629.0
560,akureyri,65.6835,-18.0878,-3.68,87.0,13.0,1.85,IS,1635224631.0
562,omsukchan,62.5333,155.8,-16.05,97.0,38.0,0.83,RU,1635224634.0
563,beidao,34.5686,105.8933,10.4,71.0,98.0,0.89,CN,1635224635.0
564,nadym,65.5333,72.5167,-3.57,95.0,100.0,1.29,RU,1635224637.0
565,necochea,-38.5473,-58.7368,8.91,61.0,12.0,4.6,AR,1635224416.0
568,muisne,0.6,-80.0333,24.02,86.0,92.0,1.87,EC,1635224642.0
569,kaeo,-35.1,173.7833,20.74,82.0,81.0,3.36,NZ,1635224644.0
570,belaya gora,68.5333,146.4167,-18.54,98.0,92.0,0.97,RU,1635224645.0
571,turukhansk,65.8167,87.9833,-7.47,93.0,82.0,3.6,RU,1635224647.0
572,narrabri,-30.3167,149.7833,28.62,12.0,0.0,1.34,AU,1635224648.0
573,tuchkovo,55.6011,36.4681,-1.61,79.0,100.0,4.35,RU,1635224650.0
574,grand gaube,-20.0064,57.6608,25.21,66.0,27.0,6.26,MU,1635224651.0
575,okhotsk,59.3833,143.3,-2.37,75.0,20.0,3.56,RU,1635224653.0
576,puerto quijarro,-17.7833,-57.7667,23.26,53.0,92.0,1.33,BO,1635224654.0
577,iguape,-24.7081,-47.5553,17.75,93.0,35.0,1.13,BR,1635224656.0
578,abohar,30.15,74.1833,24.54,37.0,0.0,2.27,IN,1635224657.0
579,notse,6.95,1.1667,23.44,94.0,100.0,1.6,TG,1635224659.0
580,solhan,38.9634,41.0293,3.79,47.0,43.0,1.84,TR,1635224660.0
581,nishihara,26.1842,127.7558,26.28,52.0,20.0,4.63,JP,1635224662.0
582,oranjestad,12.524,-70.027,27.89,80.0,7.0,9.96,AW,1635224664.0
